name,email
john,john.doe1@example.com
jane,jane.smith2@example.com
alice,alice.jones3@example.com
bob,bob.martin4@example.com
charlie,charlie.brown5@example.com
emma,emma.white6@example.com
frank,frank.green7@example.com
grace,grace.johnson8@example.com
harry,harry.clark9@example.com
isabella,isabella.king10@example.com